sep=,
Testcase Name,Mode,Overlap Amount,Laxity Sum,Time
TC0_example,1,12,1765,596.0066318511963
TC0_example,1,12,1765,862.0290756225586
TC0_example,21,0,1057,3006.110668182373
TC0_example,22,0,1045,33033.544063568115
TC0_example,23,-1,1065,30031.680583953857
TC0_example,1,12,1765,583.1449031829834
TC0_example,21,0,1065,3003.0698776245117
TC0_example,22,0,1065,33027.92835235596
TC0_example,23,-1,1065,30047.44529724121
